Workbook

Sheet Sheet1
A1: External ID | B1: Employee Name | C1: NIP | D1: Branch | E1: - | F1: Work Email | I1: Job Position | J1: Tags | K1: Skip-Coach | L1: Skip-Manager | M1: Working start date | N1: Working end date | O1: No. NPWP | P1: No. Kontrak | Q1: Work Address | R1: Private Street | S1: Private Street2 | T1: Private State | U1: Private City | V1: Private Zip | W1: Private Country | X1: Private Email | Y1: Marital Status | AA1: Identification No | AB1: Passport No | AC1: Gender | AD1: Date of Birth | AE1: Create user? | AF1: Nomor Rekening | AG1: Nama Pemilik Rekening | AH1: Bank | AI1: Area | AJ1: Work Phone | AK1: Work Mobile
A2: ="tw_hr_employee_"&C2 -> tw_hr_employee_DWN2412067 | B2: HADIAH KASIM | C2: DWN2412067 | D2: DWN | E2: Cabang Gorontalo | I2: SALESMAN PARTNER | K2: RYAN HIDAYATULLAH ABDILLAH MOITO | M2: 45645 | Q2: PT Tunas Dwipa Matra | W2: Indonesia | X2: hadiahkasim@gmail.com | Y2: Single | AA2: 7102014707720001 | AE2: TRUE | AF2: 523601014649537 | AG2: HADIAH KASIM | AH2: BRI | AI2: =TRIM(IFERROR(VLOOKUP(E2,Mapping!$A$1:$B$2,2,FALSE),E2)) -> Cabang Gorontalo | AJ2: =IF(LEN(G2)>8,G2&"","") | AK2: =IF(LEN(H2)>8,H2&"","")
A3: ="tw_hr_employee_"&C3 -> tw_hr_employee_DWN2402067 | B3: RION MANTULANGI | C3: DWN2402067 | D3: DWN | E3: Cabang Gorontalo | F3: Rionmantulangi@gmail.com | I3: SALESMAN PARTNER | K3: SUWARDI DUNGGIO | M3: 45334 | Q3: PT Tunas Dwipa Matra | W3: Indonesia | X3: Rionmantulangi@gmail.com | Y3: Single | AA3: 7505042602000001 | AE3: TRUE | AF3: 515001011879535 | AG3: RION MANTULANGI | AH3: BRI | AI3: =TRIM(IFERROR(VLOOKUP(E3,Mapping!$A$1:$B$2,2,FALSE),E3)) -> Cabang Gorontalo | AJ3: =IF(LEN(G3)>8,G3&"","") | AK3: =IF(LEN(H3)>8,H3&"","")
A4: ="tw_hr_employee_"&C4 -> tw_hr_employee_DXS2104001 | B4: KRISTINA SOLLENG | C4: DXS2104001 | D4: DXS | E4: Cabang Samarinda | I4: SALES COUNTER PARTNER | K4: EKO WIDODO | M4: 44287 | Q4: PT Tunas Dwipa Matra | R4: JALAN PASUNDAN | S4: JALAN PASUNDAN | T4: 6400 | U4: KOTA SAMARINDA | V4: 75122 | W4: Indonesia | X4: tinak2135@gmail.com | Y4: Single | AA4: 6472034312860003 | AD4: 31749 | AE4: TRUE | AF4: 5135151375 | AG4: KRISTINA SOLLENG | AH4: BCA | AI4: =TRIM(IFERROR(VLOOKUP(E4,Mapping!$A$1:$B$2,2,FALSE),E4)) -> Cabang Samarinda | AJ4: =IF(LEN(G4)>8,G4&"","") | AK4: =IF(LEN(H4)>8,H4&"","")
A5: ="tw_hr_employee_"&C5 -> tw_hr_employee_DWK2402003 | B5: ROMI HIDAYAT RIDAYS | C5: DWK2402003 | D5: DWK | E5: Cabang Kendari | F5: hromi1837@gmail.com | G5: 6285255104890 | I5: SALESMAN PARTNER | K5: ANDI MAKMUR TONGASA | M5: 45324 | Q5: PT Tunas Dwipa Matra | W5: Indonesia | X5: hromi1837@gmail.com | Y5: Single | AA5: 7471040107950010 | AE5: TRUE | AF5: 7911570126 | AG5: ROMI HIDAYAT RIDAYS | AH5: BCA | AI5: =TRIM(IFERROR(VLOOKUP(E5,Mapping!$A$1:$B$2,2,FALSE),E5)) -> Cabang Kendari | AJ5: =IF(LEN(G5)>8,G5&"","") -> 6285255104890 | AK5: =IF(LEN(H5)>8,H5&"","")
A6: ="tw_hr_employee_"&C6 -> tw_hr_employee_DMP2402133 | B6: MUHAMMAD AFIF MUYASSAR | C6: DMP2402133 | D6: DMP | E6: Pramuka | F6: tdmmotor.pramuka@gmail.com | G6: 6281995791375 | I6: SALESMAN PARTNER | K6: RAYNALLDO DELOUIS SAMBUAGA | L6: APRI YANTO | M6: 45334 | Q6: PT Tunas Dwipa Matra | T6: 1800 | U6: KAB. WAY KANAN | V6: 34767 | W6: Indonesia | X6: muhmmadafifmuyassar@gmail.com | Y6: Single | Z6: Indonesia | AA6: 1808090312030001 | AC6: Male | AD6: 37958 | AE6: TRUE | AF6: 2920954637 | AG6: MUHAMMAD AFIF MUYASSAR | AH6: BCA | AI6: =TRIM(IFERROR(VLOOKUP(E6,Mapping!$A$1:$B$2,2,FALSE),E6)) -> Cabang Pramuka | AJ6: =IF(LEN(G6)>8,G6&"","") -> 6281995791375 | AK6: =IF(LEN(H6)>8,H6&"","")
A7: ="tw_hr_employee_"&C7 -> tw_hr_employee_DDA2410001 | B7: MUHIDIN | C7: DDA2410001 | D7: DDA | E7: Cabang Caman | F7: moehidin2021@gmail.com | G7: 6281295772418 | I7: SALESMAN PARTNER | K7: YUNI BUDIANTO | L7: ANFAUZI | M7: 45565 | O7: 240100503045000 | Q7: PT Tunas Dwipa Matra | R7: jl.muncang blok ngg.III/I | T7: 3100 | U7: KOTA JAKARTA UTARA | V7: 14270 | W7: Indonesia | X7: moehidin2021@gmail.com | Y7: Divorced | AA7: 3175062303020001 | AC7: Male | AD7: 27153 | AE7: TRUE | AF7: 4140279787 | AG7: MUHIDIN | AH7: BCA | AI7: =TRIM(IFERROR(VLOOKUP(E7,Mapping!$A$1:$B$2,2,FALSE),E7)) -> Cabang Caman | AJ7: =IF(LEN(G7)>8,G7&"","") -> 6281295772418 | AK7: =IF(LEN(H7)>8,H7&"","")
A8: ="tw_hr_employee_"&C8 -> tw_hr_employee_DDS2401068 | B8: YUSMIATI DEWI | C8: DDS2401068 | D8: DDS | E8: Cabang Saharjo | F8: sausanumamseroja@gmail.com | G8: 6282124929924 | H8: 6282124929924 | I8: SALESMAN PARTNER | K8: YOGI AMRULLAH | L8: YOGI AMRULLAH | M8: 45308 | Q8: PT Tunas Dwipa Matra | W8: Indonesia | X8: sausanumamseroja@gmail.com | Y8: Single | AA8: 3276046008760007 | AE8: TRUE | AF8: 2860576638 | AG8: YUSMIATI DEWI | AH8: BCA | AI8: =TRIM(IFERROR(VLOOKUP(E8,Mapping!$A$1:$B$2,2,FALSE),E8)) -> Cabang Saharjo | AJ8: =IF(LEN(G8)>8,G8&"","") -> 6282124929924 | AK8: =IF(LEN(H8)>8,H8&"","") -> 6282124929924
A9: ="tw_hr_employee_"&C9 -> tw_hr_employee_DXS2503001 | B9: NURMILAH | C9: DXS2503001 | D9: DXS | E9: Cabang Samarinda | F9: 23millamilla@gmail.com | G9: 6281250362800 | I9: SALES COUNTER PARTNER | K9: EKO WIDODO | M9: 45719 | Q9: PT Tunas Dwipa Matra | R9: JL MUSO SALIM GG 7 NO 17 | S9: JL MUSO SALIM GG 7 NO 17 | T9: 6400 | U9: KOTA SAMARINDA | V9: 6472 | W9: Indonesia | X9: 23millamilla@gmail.com | Y9: Single | AA9: 6472036310930007 | AE9: TRUE | AF9: 0272836084 | AG9: NURMILAH | AH9: BCA | AI9: =TRIM(IFERROR(VLOOKUP(E9,Mapping!$A$1:$B$2,2,FALSE),E9)) -> Cabang Samarinda | AJ9: =IF(LEN(G9)>8,G9&"","") -> 6281250362800 | AK9: =IF(LEN(H9)>8,H9&"","")
A10: ="tw_hr_employee_"&C10 -> tw_hr_employee_DWM2404067 | B10: YOSPINA OKKO TARUK | C10: DWM2404067 | D10: DWM | E10: Cabang Tomoni | F10: yospina@gmail.com | I10: SALESMAN PARTNER | K10: LUCKY SETIAWAN | L10: SANDI KALBU KALEMBANG | M10: 45397 | Q10: PT Tunas Dwipa Matra | W10: Indonesia | X10: yospina@gmail.com | Y10: Single | AA10: 7324106310970001 | AE10: TRUE | AF10: 500701021517534 | AG10: YOSPINA OKKO TARUK | AH10: BRI | AI10: =TRIM(IFERROR(VLOOKUP(E10,Mapping!$A$1:$B$2,2,FALSE),E10)) -> Cabang Tomoni | AJ10: =IF(LEN(G10)>8,G10&"","") | AK10: =IF(LEN(H10)>8,H10&"","")
A11: ="tw_hr_employee_"&C11 -> tw_hr_employee_DWN2412068 | B11: YUSMAN PAUS | C11: DWN2412068 | D11: DWN | E11: Cabang Gorontalo | F11: yusmanpaus@gmail.com | I11: SALESMAN PARTNER | K11: RYAN HIDAYATULLAH ABDILLAH MOITO | M11: 45645 | Q11: PT Tunas Dwipa Matra | W11: Indonesia | X11: yusmanpaus@gmail.com | Y11: Single | AA11: 7501041805030001 | AE11: TRUE | AF11: 515901071637539 | AG11: YUSMAN PAUS | AH11: BRI | AI11: =TRIM(IFERROR(VLOOKUP(E11,Mapping!$A$1:$B$2,2,FALSE),E11)) -> Cabang Gorontalo | AJ11: =IF(LEN(G11)>8,G11&"","") | AK11: =IF(LEN(H11)>8,H11&"","")
A12: ="tw_hr_employee_"&C12 -> tw_hr_employee_DWP2410003 | B12: ASNUR AFDIL RAHMATULLAH | C12: DWP2410003 | D12: DWP | E12: Cabang Pinrang | F12: asnur1915@gmail.com | I12: SALESMAN PARTNER | K12: IRWAN ANWAR | M12: 45568 | Q12: PT Tunas Dwipa Matra | W12: Indonesia | X12: asnur1915@gmail.com | Y12: Single | AA12: 7306041603960003 | AE12: TRUE | AF12: 006401014018532 | AG12: ASNUR AFDIL RAHMATULLAH | AH12: BRI | AI12: =TRIM(IFERROR(VLOOKUP(E12,Mapping!$A$1:$B$2,2,FALSE),E12)) -> Cabang Pinrang | AJ12: =IF(LEN(G12)>8,G12&"","") | AK12: =IF(LEN(H12)>8,H12&"","")
A13: ="tw_hr_employee_"&C13 -> tw_hr_employee_DWP2410004 | B13: RISWAN ANWAR | C13: DWP2410004 | D13: DWP | E13: Cabang Pinrang | F13: rizwananwar2580@gmail.com | I13: SALESMAN PARTNER | K13: IRWAN ANWAR | L13: JIHAD ROMADLON MUTTAQIEN | M13: 45568 | Q13: PT Tunas Dwipa Matra | W13: Indonesia | X13: rizwananwar2580@gmail.com | Y13: Single | AA13: 7372040407020001 | AE13: TRUE | AF13: 021801061593506 | AG13: RISWAN ANWAR | AH13: BRI | AI13: =TRIM(IFERROR(VLOOKUP(E13,Mapping!$A$1:$B$2,2,FALSE),E13)) -> Cabang Pinrang | AJ13: =IF(LEN(G13)>8,G13&"","") | AK13: =IF(LEN(H13)>8,H13&"","")
A14: ="tw_hr_employee_"&C14 -> tw_hr_employee_DMP2402134 | B14: NYOMAN RISKI AFANDI | C14: DMP2402134 | D14: DMP | E14: Pramuka | F14: tdmmotor.pramuka@gmail.com | G14: 6281995791375 | I14: SALESMAN PARTNER | K14: RAYNALLDO DELOUIS SAMBUAGA | L14: APRI YANTO | M14: 45334 | Q14: PT Tunas Dwipa Matra | T14: 1800 | U14: KAB. LAMPUNG TENGAH | V14: 34157 | W14: Indonesia | X14: riskiafand@gmail.com | Y14: Single | Z14: Indonesia | AA14: 1802092304910001 | AC14: Male | AD14: 33351 | AE14: TRUE | AF14: 559801011960536 | AG14: NYOMAN RISKI AFANDI | AH14: BRI | AI14: =TRIM(IFERROR(VLOOKUP(E14,Mapping!$A$1:$B$2,2,FALSE),E14)) -> Cabang Pramuka | AJ14: =IF(LEN(G14)>8,G14&"","") -> 6281995791375 | AK14: =IF(LEN(H14)>8,H14&"","")
A15: ="tw_hr_employee_"&C15 -> tw_hr_employee_DLI2412067 | B15: Julianto | C15: DLI2412067 | D15: DLI | E15: Cabang Tanjung Bintang | F15: ZULYWIJAYA@GMAIL.COM | H15: 6285894616028 | I15: SALESMAN PARTNER | K15: Hendi Priadi | L15: FARID ADI SUSILO | M15: 45647 | Q15: PT Tunas Dwipa Matra | R15: BANGUN SARI | T15: 1800 | U15: KAB. LAMPUNG TIMUR | V15: 34376 | W15: Indonesia | X15: ZULYWIJAYA@GMAIL.COM | Y15: Married | AA15: 1807200307900012 | AC15: Male | AD15: 33057 | AE15: TRUE | AF15: 797601004834534 | AG15: Julianto | AH15: BRI | AI15: =TRIM(IFERROR(VLOOKUP(E15,Mapping!$A$1:$B$2,2,FALSE),E15)) -> Cabang Tanjung Bintang | AJ15: =IF(LEN(G15)>8,G15&"","") | AK15: =IF(LEN(H15)>8,H15&"","") -> 6285894616028
A16: ="tw_hr_employee_"&C16 -> tw_hr_employee_DLT2308067 | B16: NURJANAH | C16: DLT2308067 | D16: DLT | E16: Cabang Tulang Bawang | I16: SALESMAN PARTNER | K16: AGUS SUPRIYANTO | M16: 45159 | Q16: PT Tunas Dwipa Matra | R16: PADUAN RAJAWALI | S16: PADUAN RAJAWALI | T16: 1800 | U16: KAB. TULANG BAWANG | V16: 34681 | W16: Indonesia | Y16: Married | Z16: Indonesia | AA16: 1805264609940001 | AC16: Female | AD16: 34583 | AE16: TRUE | AF16: 814201010549531 | AG16: NURJANAH | AH16: BRI | AI16: =TRIM(IFERROR(VLOOKUP(E16,Mapping!$A$1:$B$2,2,FALSE),E16)) -> Cabang Tulang Bawang | AJ16: =IF(LEN(G16)>8,G16&"","") | AK16: =IF(LEN(H16)>8,H16&"","")
A17: ="tw_hr_employee_"&C17 -> tw_hr_employee_DDA2510001 | B17: NASAN | C17: DDA2510001 | D17: DDA | E17: Cabang Caman | F17: bangnasan2015@gmail.com | G17: 6285773303757 | H17: 6285773303757 | I17: SALESMAN PARTNER | K17: MORDANI | L17: ANFAUZI | M17: 45931 | O17: 315944629435000 | Q17: PT Tunas Dwipa Matra | W17: Indonesia | X17: bangnasan2015@gmail.com | Y17: Single | AA17: 3216021606790001 | AE17: TRUE | AF17: 7635102721 | AG17: NASAN | AH17: BCA | AI17: =TRIM(IFERROR(VLOOKUP(E17,Mapping!$A$1:$B$2,2,FALSE),E17)) -> Cabang Caman | AJ17: =IF(LEN(G17)>8,G17&"","") -> 6285773303757 | AK17: =IF(LEN(H17)>8,H17&"","") -> 6285773303757
A18: ="tw_hr_employee_"&C18 -> tw_hr_employee_DDL2403100 | B18: RATU AGUNG MIRAH ANDAYANI | C18: DDL2403100 | D18: DDL | E18: LOMBOK | F18: rmirahandayani@gmail.com | I18: SALESMAN PARTNER | K18: BAMBANG YULIANTO | M18: 45372 | Q18: PT Tunas Dwipa Matra | W18: Indonesia | X18: rmirahandayani@gmail.com | Y18: Single | AA18: 5271064505860001 | AE18: TRUE | AF18: 0561456479 | AG18: RATU AGUNG MIRAH ANDAYANI | AH18: BCA | AI18: =TRIM(IFERROR(VLOOKUP(E18,Mapping!$A$1:$B$2,2,FALSE),E18)) -> Cabang Lombok | AJ18: =IF(LEN(G18)>8,G18&"","") | AK18: =IF(LEN(H18)>8,H18&"","")
A19: ="tw_hr_employee_"&C19 -> tw_hr_employee_DWR2602133 | B19: DESI MONA | C19: DWR2602133 | D19: DWR | E19: Cabang Pare-Pare | F19: Ritapanune77@gmail.com | H19: 6285384846973 | I19: SALESMAN PARTNER | K19: KASMAN | M19: 46071 | Q19: PT Tunas Dwipa Matra | W19: Indonesia | X19: Ritapanune77@gmail.com | Y19: Single | AA19: 1671025512830013 | AE19: TRUE | AF19: 8435343739 | AG19: DESI MONA | AH19: BCA | AI19: =TRIM(IFERROR(VLOOKUP(E19,Mapping!$A$1:$B$2,2,FALSE),E19)) -> Cabang Pare-Pare | AJ19: =IF(LEN(G19)>8,G19&"","") | AK19: =IF(LEN(H19)>8,H19&"","") -> 6285384846973
A20: ="tw_hr_employee_"&C20 -> tw_hr_employee_DDL2509001 | B20: MOHAMMAD ARIEF | C20: DDL2509001 | D20: DDL | E20: LOMBOK | F20: moh.arief1982@gmail.com | I20: SALESMAN PARTNER | K20: BAMBANG YULIANTO | M20: 45902 | Q20: PT Tunas Dwipa Matra | W20: Indonesia | X20: moh.arief1982@gmail.com | Y20: Single | AA20: 5271010604820002 | AE20: TRUE | AF20: 349501031830539 | AG20: MOHAMMAD ARIEF | AH20: BRI | AI20: =TRIM(IFERROR(VLOOKUP(E20,Mapping!$A$1:$B$2,2,FALSE),E20)) -> Cabang Lombok | AJ20: =IF(LEN(G20)>8,G20&"","") | AK20: =IF(LEN(H20)>8,H20&"","")
A21: ="tw_hr_employee_"&C21 -> tw_hr_employee_DDT2401001 | B21: NI LUH JEPUN JULIANTARI | C21: DDT2401001 | D21: DDT | E21: Cabang Tabanan | I21: SALESMAN PARTNER | K21: I GEDE SUKAWIDANA | L21: GILANG RADIKTYA | M21: 45308 | P21: 085739952052 | Q21: PT Tunas Dwipa Matra | R21: BR DINAS KEBON KAJA | T21: 5100 | U21: KAB. TABANAN | V21: 82163 | W21: Indonesia | X21: jepunjuliantari1993@gmail.com | Y21: Single | AA21: 5202014706930001 | AE21: TRUE | AF21: 057001011202503 | AG21: NI LUH JEPUN JULIANTARI | AH21: BRI | AI21: =TRIM(IFERROR(VLOOKUP(E21,Mapping!$A$1:$B$2,2,FALSE),E21)) -> Cabang Tabanan | AJ21: =IF(LEN(G21)>8,G21&"","") | AK21: =IF(LEN(H21)>8,H21&"","")
A22: ="tw_hr_employee_"&C22 -> tw_hr_employee_DLN2308034 | B22: DAYU AISMAWANTO | C22: DLN2308034 | D22: DLN | E22: Cabang Kota Agung | H22: 6285208411284 | I22: SALESMAN PARTNER | K22: DEVIANA RAHMAWATI | M22: 45159 | Q22: PT Tunas Dwipa Matra | W22: Indonesia | X22: dayuaism1@gmail.com | Y22: Single | AA22: 1810030507950002 | AE22: TRUE | AF22: 035801056667506 | AG22: DAYU AISMAWANTO | AH22: BRI | AI22: =TRIM(IFERROR(VLOOKUP(E22,Mapping!$A$1:$B$2,2,FALSE),E22)) -> Cabang Kota Agung | AJ22: =IF(LEN(G22)>8,G22&"","") | AK22: =IF(LEN(H22)>8,H22&"","") -> 6285208411284
A23: ="tw_hr_employee_"&C23 -> tw_hr_employee_DXS2101001 | B23: YULIANA | C23: DXS2101001 | D23: DXS | E23: Cabang Samarinda | I23: SALES COUNTER PARTNER | K23: EKO WIDODO | M23: 44211 | Q23: PT Tunas Dwipa Matra | R23: JL PADAT KARYA GG TANJUNG | S23: JL PADAT KARYA GG TANJUNG | T23: 6400 | U23: KAB. KUTAI KARTANEGARA | V23: 75391 | W23: Indonesia | X23: yulianayun1900@gmail.com | Y23: Married | AA23: 6402034102960003 | AC23: Female | AD23: 35797 | AE23: TRUE | AF23: 8145245997 | AG23: YULIANA | AH23: BCA | AI23: =TRIM(IFERROR(VLOOKUP(E23,Mapping!$A$1:$B$2,2,FALSE),E23)) -> Cabang Samarinda | AJ23: =IF(LEN(G23)>8,G23&"","") | AK23: =IF(LEN(H23)>8,H23&"","")
A24: ="tw_hr_employee_"&C24 -> tw_hr_employee_DLI2402067 | B24: Shindi Firnanda | C24: DLI2402067 | D24: DLI | E24: Cabang Tanjung Bintang | F24: SHINDIFIRNANDA09@GMAIL.COM | I24: SALESMAN PARTNER | K24: DIDIT ADITYA MAHARDDHIKA | L24: DIDIT ADITYA MAHARDDHIKA | M24: 45334 | Q24: PT Tunas Dwipa Matra | R24: Dusun Totoharjo | T24: 1800 | U24: KAB. LAMPUNG SELATAN | V24: 35361 | W24: Indonesia | X24: SHINDIFIRNANDA09@GMAIL.COM | Y24: Single | Z24: Indonesia | AA24: 1801054904040001 | AC24: Female | AD24: 38086 | AE24: TRUE | AF24: 2941093568 | AG24: Shindi Firnanda | AH24: BCA | AI24: =TRIM(IFERROR(VLOOKUP(E24,Mapping!$A$1:$B$2,2,FALSE),E24)) -> Cabang Tanjung Bintang | AJ24: =IF(LEN(G24)>8,G24&"","") | AK24: =IF(LEN(H24)>8,H24&"","")
A25: ="tw_hr_employee_"&C25 -> tw_hr_employee_DJB2407034 | B25: FITRI WAHYUNINGSIH | C25: DJB2407034 | D25: DJB | E25: Cabang Bangko | F25: fitriwahyuningsih889@gmail.com | G25: 6282183254021 | H25: 6282183254021 | I25: SALESMAN PARTNER | K25: PRASTYO WIDODO | L25: VICTOR PRATAMA | M25: 45483 | Q25: PT Tunas Dwipa Matra | W25: Indonesia | X25: fitriwahyuningsih889@gmail.com | Y25: Single | AA25: 1503085208950001 | AE25: TRUE | AF25: 806201010669533 | AG25: FITRI WAHYUNINGSIH | AH25: BRI | AI25: =TRIM(IFERROR(VLOOKUP(E25,Mapping!$A$1:$B$2,2,FALSE),E25)) -> Cabang Bangko | AJ25: =IF(LEN(G25)>8,G25&"","") -> 6282183254021 | AK25: =IF(LEN(H25)>8,H25&"","") -> 6282183254021
A26: ="tw_hr_employee_"&C26 -> tw_hr_employee_DDC2411001 | B26: RIA FARIANSYAH ANGELINA PUTRI | C26: DDC2411001 | D26: DDC | E26: Cabang Cimareme | F26: fariiiansyah63@gmail.com | I26: SALES COUNTER PARTNER | K26: YONGKI SULAIMAN | L26: YONGKI SULAIMAN | M26: 45596 | Q26: PT Tunas Dwipa Matra | R26: JL KERKOF BLOK PADAKASIH | T26: 3200 | U26: KOTA CIMAHI | V26: 40531 | W26: Indonesia | X26: fariiiansyah63@gmail.com | Y26: Single | AA26: 3277014710030007 | AE26: TRUE | AF26: 1393693723 | AG26: RIA FARIANSYAH ANGELINA PUTRI | AH26: BCA | AI26: =TRIM(IFERROR(VLOOKUP(E26,Mapping!$A$1:$B$2,2,FALSE),E26)) -> Cabang Cimareme | AJ26: =IF(LEN(G26)>8,G26&"","") | AK26: =IF(LEN(H26)>8,H26&"","")
A27: ="tw_hr_employee_"&C27 -> tw_hr_employee_DDJ2406067 | B27: YUSTIKA NOVIANTO | C27: DDJ2406067 | D27: DDJ | E27: Cabang Jombang | F27: yustika674@gmail.com | I27: SALESMAN PARTNER | K27: HARI SUNOTO | M27: 45451 | Q27: PT Tunas Dwipa Matra | W27: Indonesia | X27: yustika674@gmail.com | Y27: Single | AA27: 3506144811910003 | AE27: TRUE | AF27: 624901020677538 | AG27: YUSTIKA NOVIANTO | AH27: BRI | AI27: =TRIM(IFERROR(VLOOKUP(E27,Mapping!$A$1:$B$2,2,FALSE),E27)) -> Cabang Jombang | AJ27: =IF(LEN(G27)>8,G27&"","") | AK27: =IF(LEN(H27)>8,H27&"","")
A28: ="tw_hr_employee_"&C28 -> tw_hr_employee_HSMK22001 | B28: REZZA SCONDINAVIA NOOR ARASY | C28: HSMK22001 | D28: DDU | E28: Cabang Sukabumi | F28: rezzaarasy@gmail.com | I28: SALESMAN PARTNER | K28: ANDRI NUGRAHA | M28: 45689 | Q28: PT Tunas Dwipa Matra | R28: KP.CIBUNTU | T28: 3200 | U28: KAB. SUKABUMI | V28: 43192 | W28: Indonesia | X28: rezzaarasy@gmail.com | Y28: Single | AA28: 3272012801860001 | AD28: 31440 | AE28: TRUE | AF28: 3771548596 | AG28: REZZA SCONDINAVIA NOOR ARASY | AH28: BCA | AI28: =TRIM(IFERROR(VLOOKUP(E28,Mapping!$A$1:$B$2,2,FALSE),E28)) -> Cabang Sukabumi | AJ28: =IF(LEN(G28)>8,G28&"","") | AK28: =IF(LEN(H28)>8,H28&"","")
A29: ="tw_hr_employee_"&C29 -> tw_hr_employee_DWK2310067 | B29: MEISYAH PUTRI HARYA | C29: DWK2310067 | D29: DWK | E29: Cabang Kendari | G29: 6281239932359 | I29: SALESMAN PARTNER | K29: MUH SYAFRIE.SE | M29: 45202 | Q29: PT Tunas Dwipa Matra | W29: Indonesia | X29: meisyahputriharya@gmail.com | Y29: Single | AA29: 3175055905971001 | AE29: TRUE | AF29: 019201150707501 | AG29: MEISYAH PUTRI HARYA | AH29: BRI | AI29: =TRIM(IFERROR(VLOOKUP(E29,Mapping!$A$1:$B$2,2,FALSE),E29)) -> Cabang Kendari | AJ29: =IF(LEN(G29)>8,G29&"","") -> 6281239932359 | AK29: =IF(LEN(H29)>8,H29&"","")
A30: ="tw_hr_employee_"&C30 -> tw_hr_employee_DJB2309067 | B30: HALIMATU SA'ADAH | C30: DJB2309067 | D30: DJB | E30: Cabang Bangko | F30: halimatusaadah5@gmail.com | G30: 6282247062853 | H30: 6282247062853 | I30: SALESMAN PARTNER | K30: BUDI SANTOSO | L30: VICTOR PRATAMA | M30: 45176 | Q30: PT Tunas Dwipa Matra | W30: Indonesia | X30: saadahhalimatu9@gmail.com | Y30: Single | AA30: 1502025302000002 | AE30: TRUE | AF30: 6197011540 | AG30: HALIMATU SA'ADAH | AH30: BCA | AI30: =TRIM(IFERROR(VLOOKUP(E30,Mapping!$A$1:$B$2,2,FALSE),E30)) -> Cabang Bangko | AJ30: =IF(LEN(G30)>8,G30&"","") -> 6282247062853 | AK30: =IF(LEN(H30)>8,H30&"","") -> 6282247062853
A31: ="tw_hr_employee_"&C31 -> tw_hr_employee_DMN2509001 | B31: DWI RIYANTO | C31: DMN2509001 | D31: DMN | E31: Cabang Natar | F31: LISAFATIR784@GMAIL.COM | G31: 6282183783660 | H31: 6282183783660 | I31: SALESMAN PARTNER | K31: ROHANDI | M31: 45902 | Q31: PT Tunas Dwipa Matra | R31: Dsn Purwosari Ii | S31: Dsn Purwosari Ii | T31: 1800 | U31: KAB. LAMPUNG SELATAN | V31: 34372 | W31: Indonesia | X31: LISAFATIR784@GMAIL.COM | Y31: Married | AA31: 1803102001870001 | AC31: Male | AD31: 31797 | AE31: TRUE | AF31: 0201433460 | AG31: DWI RIYANTO | AH31: BCA | AI31: =TRIM(IFERROR(VLOOKUP(E31,Mapping!$A$1:$B$2,2,FALSE),E31)) -> Cabang Natar | AJ31: =IF(LEN(G31)>8,G31&"","") -> 6282183783660 | AK31: =IF(LEN(H31)>8,H31&"","") -> 6282183783660
A32: ="tw_hr_employee_"&C32 -> tw_hr_employee_DLA2411001 | B32: RETNO PRATIWI | C32: DLA2411001 | D32: DLA | E32: Cabang Antasari | F32: retnopratiwi070@gmail.com | G32: 6281279475554 | I32: SALESMAN PARTNER | K32: RIVAN LIBRIAN | M32: 45598 | Q32: PT Tunas Dwipa Matra | W32: Indonesia | X32: retnopratiwi070@gmail.com | Y32: Single | AA32: 1871024808940005 | AE32: TRUE | AF32: 0201324351 | AG32: RETNO PRATIWI | AH32: BCA | AI32: =TRIM(IFERROR(VLOOKUP(E32,Mapping!$A$1:$B$2,2,FALSE),E32)) -> Cabang Antasari | AJ32: =IF(LEN(G32)>8,G32&"","") -> 6281279475554 | AK32: =IF(LEN(H32)>8,H32&"","")
A33: ="tw_hr_employee_"&C33 -> tw_hr_employee_DJM2301100 | B33: NOPITA SARI | C33: DJM2301100 | D33: DJM | E33: Cabang Merlung | I33: SALESMAN PARTNER | K33: DJM-MUHAMMAD AMIN RIANDI | L33: RIKOH FERDINAN ARDIANSYAH | M33: 44946 | Q33: PT Tunas Dwipa Matra | R33: JL SATRIA BHAKTI | S33: JL SATRIA BHAKTI | T33: 1500 | U33: KAB. TANJUNG JABUNG BARAT | V33: 12345 | W33: Indonesia | X33: Novitasari29929@gmail.com | Y33: Single | AA33: 1506055712971001 | AC33: Female | AD33: 35781 | AE33: TRUE | AF33: 566701017998532 | AG33: NOPITA SARI | AH33: BRI | AI33: =TRIM(IFERROR(VLOOKUP(E33,Mapping!$A$1:$B$2,2,FALSE),E33)) -> Cabang Merlung | AJ33: =IF(LEN(G33)>8,G33&"","") | AK33: =IF(LEN(H33)>8,H33&"","")
A34: ="tw_hr_employee_"&C34 -> tw_hr_employee_DWK2402034 | B34: IVAN WAHYU HUTAMA | C34: DWK2402034 | D34: DWK | E34: Cabang Kendari | F34: ivanwahyu95@gmail.com | G34: 6285282576758 | I34: SALESMAN PARTNER | M34: 45334 | Q34: PT Tunas Dwipa Matra | W34: Indonesia | X34: ivanwahyu95@gmail.com | Y34: Single | AA34: 7405050111950001 | AE34: TRUE | AF34: 7911209920 | AG34: IVAN WAHYU HUTAMA | AH34: BCA | AI34: =TRIM(IFERROR(VLOOKUP(E34,Mapping!$A$1:$B$2,2,FALSE),E34)) -> Cabang Kendari | AJ34: =IF(LEN(G34)>8,G34&"","") -> 6285282576758 | AK34: =IF(LEN(H34)>8,H34&"","")
A35: ="tw_hr_employee_"&C35 -> tw_hr_employee_DWT2312034 | B35: MOH. FAHKRI BARENG | C35: DWT2312034 | D35: DWT | E35: Cabang Tuminting | I35: SALESMAN PARTNER | K35: YAYAN SUGANDI LOMPAD | L35: TIKNO BABTISO PALANTI | M35: 45265 | Q35: PT Tunas Dwipa Matra | R35: JL. BERINGIN | S35: JL. BERINGIN | T35: 7100 | U35: KOTA KOTAMOBAGU | W35: Indonesia | X35: aibareng051@gmail.com | Y35: Divorced | AA35: 7174041602880001 | AC35: Male | AD35: 32189 | AE35: TRUE | AF35: 003601018568538 | AG35: MOH. FAHKRI BARENG | AH35: BRI | AI35: =TRIM(IFERROR(VLOOKUP(E35,Mapping!$A$1:$B$2,2,FALSE),E35)) -> Cabang Tuminting | AJ35: =IF(LEN(G35)>8,G35&"","") | AK35: =IF(LEN(H35)>8,H35&"","")
A36: ="tw_hr_employee_"&C36 -> tw_hr_employee_DMK2410035 | B36: DWI FITRIA | C36: DMK2410035 | D36: DMK | E36: Cabang Katibung | F36: dwift143@gmail.com | I36: SALESMAN PARTNER | K36: RIZKY KURNIAWAN | M36: 45566 | Q36: PT Tunas Dwipa Matra | W36: Indonesia | X36: dwift143@gmail.com | Y36: Single | AA36: 1609134511050001 | AE36: TRUE | AF36: 060301016769533 | AG36: DWI FITRIA | AH36: BRI | AI36: =TRIM(IFERROR(VLOOKUP(E36,Mapping!$A$1:$B$2,2,FALSE),E36)) -> Cabang Katibung | AJ36: =IF(LEN(G36)>8,G36&"","") | AK36: =IF(LEN(H36)>8,H36&"","")
A37: ="tw_hr_employee_"&C37 -> tw_hr_employee_DDT2409001 | B37: SHEENDY MERCURRY MEGASI | C37: DDT2409001 | D37: DDT | E37: Cabang Tabanan | F37: sheendym@gmail.com | I37: TEAM LEADER PARTNER | K37: ERIS KUSWANTORO | M37: 45538 | Q37: PT Tunas Dwipa Matra | W37: Indonesia | X37: sheendym@gmail.com | Y37: Single | AA37: 3574042704880001 | AE37: TRUE | AF37: 0390607741 | AG37: SHEENDY MERCURRY MEGASI | AH37: BCA | AI37: =TRIM(IFERROR(VLOOKUP(E37,Mapping!$A$1:$B$2,2,FALSE),E37)) -> Cabang Tabanan | AJ37: =IF(LEN(G37)>8,G37&"","") | AK37: =IF(LEN(H37)>8,H37&"","")
A38: ="tw_hr_employee_"&C38 -> tw_hr_employee_DXK2509001 | B38: LEONARDO | C38: DXK2509001 | D38: DXK | E38: Cabang Ketapang | F38: leoxibdp@gmail.com | H38: 62895702218157 | I38: SALESMAN PARTNER | K38: SUARNI | L38: GUNTUR ADYTYA DWI SAPUTRA | M38: 45902 | Q38: PT Tunas Dwipa Matra | W38: Indonesia | X38: leoxibdp@gmail.com | Y38: Single | AA38: 6104162405040001 | AE38: TRUE | AF38: 8955507246 | AG38: LEONARDO | AH38: BCA | AI38: =TRIM(IFERROR(VLOOKUP(E38,Mapping!$A$1:$B$2,2,FALSE),E38)) -> Cabang Ketapang | AJ38: =IF(LEN(G38)>8,G38&"","") | AK38: =IF(LEN(H38)>8,H38&"","") -> 62895702218157
A39: ="tw_hr_employee_"&C39 -> tw_hr_employee_DJM2203001 | B39: JUFRI | C39: DJM2203001 | D39: DJM | E39: Cabang Merlung | I39: SALESMAN PARTNER | K39: HASBULLAH | L39: RIKOH FERDINAN ARDIANSYAH | M39: 44630 | Q39: PT Tunas Dwipa Matra | R39: LUBUK TERAP | S39: LUBUK TERAP | T39: 1500 | U39: KAB. TANJUNG JABUNG BARAT | V39: 36554 | W39: Indonesia | X39: jufrindan501@gmail.com | Y39: Single | AA39: 1506051212950001 | AC39: Male | AD39: 35045 | AE39: TRUE | AF39: 566701013353536 | AG39: JUFRI | AH39: BRI | AI39: =TRIM(IFERROR(VLOOKUP(E39,Mapping!$A$1:$B$2,2,FALSE),E39)) -> Cabang Merlung | AJ39: =IF(LEN(G39)>8,G39&"","") | AK39: =IF(LEN(H39)>8,H39&"","")
A40: ="tw_hr_employee_"&C40 -> tw_hr_employee_DDL2509034 | B40: SAHUDIN | C40: DDL2509034 | D40: DDL | E40: LOMBOK | F40: sahudin193@gmail.com | I40: SALESMAN PARTNER | K40: BAMBANG YULIANTO | M40: 45902 | Q40: PT Tunas Dwipa Matra | W40: Indonesia | X40: sahudin193@gmail.com | Y40: Single | AA40: 5208023112810154 | AE40: TRUE | AF40: 2320767329 | AG40: SAHUDIN | AH40: BCA | AI40: =TRIM(IFERROR(VLOOKUP(E40,Mapping!$A$1:$B$2,2,FALSE),E40)) -> Cabang Lombok | AJ40: =IF(LEN(G40)>8,G40&"","") | AK40: =IF(LEN(H40)>8,H40&"","")
A41: ="tw_hr_employee_"&C41 -> tw_hr_employee_DDJ2306067 | B41: SUWONO | C41: DDJ2306067 | D41: DDJ | E41: Cabang Jombang | F41: wonojoyo61@gmail.com | I41: SALESMAN PARTNER | K41: MULYONO | L41: RIZKI ADHI SETYAWAN | M41: 45099 | Q41: PT Tunas Dwipa Matra | W41: Indonesia | X41: wonojoyo61@gmail.com | Y41: Married | AA41: 3517170107860012 | AC41: Male | AE41: TRUE | AF41: 7710184351 | AG41: SUWONO | AH41: BCA | AI41: =TRIM(IFERROR(VLOOKUP(E41,Mapping!$A$1:$B$2,2,FALSE),E41)) -> Cabang Jombang | AJ41: =IF(LEN(G41)>8,G41&"","") | AK41: =IF(LEN(H41)>8,H41&"","")
A42: ="tw_hr_employee_"&C42 -> tw_hr_employee_DDA2409167 | B42: ERI KRISTIANI SIREGAR | C42: DDA2409167 | D42: DDA | E42: Cabang Caman | F42: Vinilex200@gmail.com | G42: 6289508283411 | H42: 6289508283411 | I42: SALESMAN PARTNER | K42: ABDUL ROHIM | L42: ANFAUZI | M42: 45559 | Q42: PT Tunas Dwipa Matra | R42: VILLA INDAH PERMAI BLOK H 32 NO. 11 | T42: 3200 | U42: KOTA BEKASI | V42: 17121 | W42: Indonesia | X42: Vinilex200@gmail.com | Y42: Single | AA42: 3275034909990019 | AC42: Female | AD42: 36503 | AE42: TRUE | AF42: 0661567634 | AG42: ERI KRISTIANI SIREGAR | AH42: BCA | AI42: =TRIM(IFERROR(VLOOKUP(E42,Mapping!$A$1:$B$2,2,FALSE),E42)) -> Cabang Caman | AJ42: =IF(LEN(G42)>8,G42&"","") -> 6289508283411 | AK42: =IF(LEN(H42)>8,H42&"","") -> 6289508283411
A43: ="tw_hr_employee_"&C43 -> tw_hr_employee_DSR1802001 | B43: HENDRY WAHYUDI | C43: DSR1802001 | D43: DSR | E43: Cabang Riau | I43: SALESMAN PARTNER | K43: HADI INDRA | L43: EKO WIBOWO | M43: 43144 | Q43: PT Tunas Dwipa Matra | R43: JL.TANJUNG BATU | T43: 1400 | U43: KOTA PEKANBARU | W43: Indonesia | X43: hendry261088@gmail.com | Y43: Single | AA43: 1471042610880021 | AD43: 32442 | AE43: TRUE | AF43: 0342638820 | AG43: HENDRY WAHYUDI | AH43: BCA | AI43: =TRIM(IFERROR(VLOOKUP(E43,Mapping!$A$1:$B$2,2,FALSE),E43)) -> Cabang Riau | AJ43: =IF(LEN(G43)>8,G43&"","") | AK43: =IF(LEN(H43)>8,H43&"","")
A44: ="tw_hr_employee_"&C44 -> tw_hr_employee_DLF1805002 | B44: BUDI YUZMAWIJAYA | C44: DLF1805002 | D44: DLF | E44: AAS (Lampung) | I44: SALESMAN PARTNER | K44: ANTON SUMOHARJO | L44: M EDI WINARNO | M44: 43239 | Q44: PT Tunas Dwipa Matra | R44: JL SELAGAI GG SUKAJADI NO 20 | S44: JL SELAGAI GG SUKAJADI NO 20 | T44: 1800 | U44: KOTA METRO | V44: 34112 | W44: Indonesia | Y44: Married | Z44: Indonesia | AA44: 1872042202730001 | AC44: Male | AD44: 26717 | AE44: TRUE | AF44: 1170876551 | AG44: BUDI YUZMAWIJAYA | AH44: BCA | AI44: =TRIM(IFERROR(VLOOKUP(E44,Mapping!$A$1:$B$2,2,FALSE),E44)) -> AAS (Lampung) | AJ44: =IF(LEN(G44)>8,G44&"","") | AK44: =IF(LEN(H44)>8,H44&"","")
A45: ="tw_hr_employee_"&C45 -> tw_hr_employee_DLX2105001 | B45: SITI SULISTARI | C45: DLX2105001 | D45: DLX | E45: Cabang Kalianda | I45: SALESMAN PARTNER | K45: TENGKU ARDIANSYAH | L45: TENGKU ARDIANSYAH | M45: 44320 | Q45: PT Tunas Dwipa Matra | W45: Indonesia | X45: sitisulistari3@gmail.com | Y45: Single | Z45: Indonesia | AA45: 1801076706010007 | AC45: Male | AD45: 37068 | AE45: TRUE | AF45: 356201046762532 | AG45: SITI SULISTARI | AH45: BRI | AI45: =TRIM(IFERROR(VLOOKUP(E45,Mapping!$A$1:$B$2,2,FALSE),E45)) -> Cabang Kalianda | AJ45: =IF(LEN(G45)>8,G45&"","") | AK45: =IF(LEN(H45)>8,H45&"","")
A46: ="tw_hr_employee_"&C46 -> tw_hr_employee_DLU2503001 | B46: TIO ARDINATA | C46: DLU2503001 | D46: DLU | E46: Cabang Kota Bumi | F46: TIOARDINATA2@GMAIL.COM | I46: SALESMAN PARTNER | K46: MARYANTO | M46: 45719 | Q46: PT Tunas Dwipa Matra | W46: Indonesia | X46: TIOARDINATA2@GMAIL.COM | Y46: Single | AA46: 1803072802050003 | AE46: TRUE | AF46: 565701044803535 | AG46: TIO ARDINATA | AH46: BRI | AI46: =TRIM(IFERROR(VLOOKUP(E46,Mapping!$A$1:$B$2,2,FALSE),E46)) -> Cabang Kota Bumi | AJ46: =IF(LEN(G46)>8,G46&"","") | AK46: =IF(LEN(H46)>8,H46&"","")
A47: ="tw_hr_employee_"&C47 -> tw_hr_employee_DWM2508003 | B47: APMILDA | C47: DWM2508003 | D47: DWM | E47: Cabang Tomoni | F47: apmilda.20@gmail.com | I47: SALESMAN PARTNER | K47: HUSAIN | L47: SANDI KALBU KALEMBANG | M47: 45868 | Q47: PT Tunas Dwipa Matra | R47: DSN MALEKU | S47: DSN MALEKU | T47: 7300 | U47: KAB. LUWU TIMUR | V47: 92973 | W47: Indonesia | X47: apmilda.20@gmail.com | Y47: Single | AA47: 7324014104920002 | AC47: Female | AD47: 33695 | AE47: TRUE | AF47: 796201005902535 | AG47: APMILDA | AH47: BRI | AI47: =TRIM(IFERROR(VLOOKUP(E47,Mapping!$A$1:$B$2,2,FALSE),E47)) -> Cabang Tomoni | AJ47: =IF(LEN(G47)>8,G47&"","") | AK47: =IF(LEN(H47)>8,H47&"","")
A48: ="tw_hr_employee_"&C48 -> tw_hr_employee_DWM2511464 | B48: ETIKA NURHASANAH | C48: DWM2511464 | D48: DWM | E48: Cabang Tomoni | F48: etikanur2@gmail.com | I48: SALESMAN PARTNER | K48: ABDI TRI RAMADHANI | L48: SANDI KALBU KALEMBANG | M48: 45979 | Q48: PT Tunas Dwipa Matra | W48: Indonesia | X48: etikanur2@gmail.com | Y48: Single | AA48: 7324085711060001 | AE48: TRUE | AF48: 214901012153536 | AG48: ETIKA NURHASANAH | AH48: BRI | AI48: =TRIM(IFERROR(VLOOKUP(E48,Mapping!$A$1:$B$2,2,FALSE),E48)) -> Cabang Tomoni | AJ48: =IF(LEN(G48)>8,G48&"","") | AK48: =IF(LEN(H48)>8,H48&"","")
A49: ="tw_hr_employee_"&C49 -> tw_hr_employee_DLJ2212001 | B49: ELINY MELINDA | C49: DLJ2212001 | D49: DLJ | E49: Cabang Way Jepara | G49: 6281278300716 | I49: SALESMAN PARTNER | K49: RIO VERA YUANA | L49: RIO VERA YUANA | M49: 44909 | Q49: PT Tunas Dwipa Matra | W49: Indonesia | X49: dedikristiawan886@gmail.com | Y49: Single | AA49: 1807196610940006 | AE49: TRUE | AF49: 747801014217534 | AG49: ELINY MELINDA | AH49: BRI | AI49: =TRIM(IFERROR(VLOOKUP(E49,Mapping!$A$1:$B$2,2,FALSE),E49)) -> Cabang Way Jepara | AJ49: =IF(LEN(G49)>8,G49&"","") -> 6281278300716 | AK49: =IF(LEN(H49)>8,H49&"","")
A50: ="tw_hr_employee_"&C50 -> tw_hr_employee_DWT2312035 | B50: RIZALDY RUSLI | C50: DWT2312035 | D50: DWT | E50: Cabang Tuminting | I50: SALESMAN PARTNER | K50: DEFI DONI WOHON | L50: DEVI ZULHERI | M50: 45264 | Q50: PT Tunas Dwipa Matra | R50: LINGKUNGAN VII | S50: KAIRAGI | T50: 7100 | U50: KOTA MANADO | W50: Indonesia | X50: rizaldyrusdy05@gmail.com | Y50: Married | AA50: 7171082107940001 | AC50: Male | AD50: 34536 | AE50: TRUE | AF50: 5115029841 | AG50: RIZALDY RUSLI | AH50: BCA | AI50: =TRIM(IFERROR(VLOOKUP(E50,Mapping!$A$1:$B$2,2,FALSE),E50)) -> Cabang Tuminting | AJ50: =IF(LEN(G50)>8,G50&"","") | AK50: =IF(LEN(H50)>8,H50&"","")
A51: ="tw_hr_employee_"&C51 -> tw_hr_employee_DLO2307034 | B51: NI NYOMAN SUKASIH | C51: DLO2307034 | D51: DLO | E51: Cabang Kota Gajah | I51: SALESMAN PARTNER | K51: I WAYAN ARIF B. | M51: 45120 | Q51: PT Tunas Dwipa Matra | W51: Indonesia | X51: wendi1234@gmail.com | Y51: Single | AA51: 1802087006690005 | AE51: TRUE | AF51: 570801025410530 | AG51: NI NYOMAN SUKASIH | AH51: BRI | AI51: =TRIM(IFERROR(VLOOKUP(E51,Mapping!$A$1:$B$2,2,FALSE),E51)) -> Cabang Kota Gajah | AJ51: =IF(LEN(G51)>8,G51&"","") | AK51: =IF(LEN(H51)>8,H51&"","")
A52: ="tw_hr_employee_"&C52 -> tw_hr_employee_DLJ2308100 | B52: LENI WIDIYA | C52: DLJ2308100 | D52: DLJ | E52: Cabang Way Jepara | G52: 6282183973026 | I52: SALESMAN PARTNER | K52: HERU KRISJIWANTO | L52: HERU KRISJIWANTO | M52: 45159 | Q52: PT Tunas Dwipa Matra | W52: Indonesia | X52: widiyaleni103@gmail.com | Y52: Single | AA52: 1807194112890001 | AE52: TRUE | AF52: 747801016578538 | AG52: LENI WIDIYA | AH52: BRI | AI52: =TRIM(IFERROR(VLOOKUP(E52,Mapping!$A$1:$B$2,2,FALSE),E52)) -> Cabang Way Jepara | AJ52: =IF(LEN(G52)>8,G52&"","") -> 6282183973026 | AK52: =IF(LEN(H52)>8,H52&"","")
A53: ="tw_hr_employee_"&C53 -> tw_hr_employee_DLK2110037 | B53: JUANDA | C53: DLK2110037 | D53: DLK | E53: Cabang Krui | I53: SALESMAN PARTNER | K53: KAT TAMBAT | M53: 44497 | Q53: PT Tunas Dwipa Matra | W53: Indonesia | X53: fcbjuanda@gmail.com | Y53: Single | AA53: 1804022405940002 | AE53: TRUE | AF53: 565901033616537 | AG53: JUANDA | AH53: BRI | AI53: =TRIM(IFERROR(VLOOKUP(E53,Mapping!$A$1:$B$2,2,FALSE),E53)) -> Cabang Krui | AJ53: =IF(LEN(G53)>8,G53&"","") | AK53: =IF(LEN(H53)>8,H53&"","")
A54: ="tw_hr_employee_"&C54 -> tw_hr_employee_DLY2402001 | B54: NUROHIM | C54: DLY2402001 | D54: DLY | E54: Cabang Yos Sudarso | F54: nurohimuhim5@gmail.com | I54: SALESMAN PARTNER | K54: DEDY KURNIAWAN | M54: 45323 | Q54: PT Tunas Dwipa Matra | R54: DUSUN I | T54: 1800 | U54: KAB. LAMPUNG TENGAH | V54: 34174 | W54: Indonesia | X54: nurohimuhim5@gmail.com | Y54: Single | Z54: Indonesia | AA54: 1802223003020002 | AC54: Male | AD54: 37345 | AE54: TRUE | AF54: 0232011627 | AG54: NUROHIM | AH54: BCA | AI54: =TRIM(IFERROR(VLOOKUP(E54,Mapping!$A$1:$B$2,2,FALSE),E54)) -> Cabang Yos Sudarso | AJ54: =IF(LEN(G54)>8,G54&"","") | AK54: =IF(LEN(H54)>8,H54&"","")
A55: ="tw_hr_employee_"&C55 -> tw_hr_employee_DDM2503001 | B55: IMUK APRILIA NINGRUM | C55: DDM2503001 | D55: DDM | E55: Cabang Mojosari | F55: krisnarsandhia@gmail.com | I55: SALESMAN PARTNER | K55: RIZQI EMON RIFAI | M55: 45719 | Q55: PT Tunas Dwipa Matra | R55: kemantren wetan | S55: kemantren wetan | T55: 3500 | U55: KAB. MOJOKERTO | V55: 61351 | W55: Indonesia | X55: krisnarsandhia@gmail.com | Y55: Single | AA55: 3516144304940002 | AC55: Female | AD55: 34397 | AE55: TRUE | AF55: 1501360169 | AG55: IMUK APRILIA NINGRUM | AH55: BCA | AI55: =TRIM(IFERROR(VLOOKUP(E55,Mapping!$A$1:$B$2,2,FALSE),E55)) -> Cabang Mojosari | AJ55: =IF(LEN(G55)>8,G55&"","") | AK55: =IF(LEN(H55)>8,H55&"","")
A56: ="tw_hr_employee_"&C56 -> tw_hr_employee_DWN2509001 | B56: ARJON TILAHUNGA | C56: DWN2509001 | D56: DWN | E56: Cabang Gorontalo | F56: saiaattt95@gmail.com | H56: 6285137995461 | I56: TEAM LEADER PARTNER | K56: ARJON TILAHUNGA | M56: 45895 | Q56: PT Tunas Dwipa Matra | W56: Indonesia | X56: saiaattt95@gmail.com | Y56: Single | AA56: 7502032807900002 | AE56: TRUE | AF56: 515101050385539 | AG56: ARJON TILAHUNGA | AH56: BRI | AI56: =TRIM(IFERROR(VLOOKUP(E56,Mapping!$A$1:$B$2,2,FALSE),E56)) -> Cabang Gorontalo | AJ56: =IF(LEN(G56)>8,G56&"","") | AK56: =IF(LEN(H56)>8,H56&"","") -> 6285137995461
A57: ="tw_hr_employee_"&C57 -> tw_hr_employee_DXT2411034 | B57: BETTY ANASARI | C57: DXT2411034 | D57: DXT | E57: Cabang Tenggarong | F57: bettyzaki62@gmail.com | I57: SALESMAN PARTNER | K57: AKHMAD EFFENDI, A.MD | L57: JIMMY SURYA BUANA | M57: 45603 | Q57: PT Tunas Dwipa Matra | R57: JL. M. Hatta Gg. Onthel | T57: 6400 | U57: KAB. KUTAI KARTANEGARA | V57: 75261 | W57: Indonesia | X57: bettyzaki62@gmail.com | Y57: Married | AA57: 6304085704920003 | AC57: Female | AD57: 33711 | AE57: TRUE | AF57: 224701011904502 | AG57: BETTY ANASARI | AH57: BRI | AI57: =TRIM(IFERROR(VLOOKUP(E57,Mapping!$A$1:$B$2,2,FALSE),E57)) -> Cabang Tenggarong | AJ57: =IF(LEN(G57)>8,G57&"","") | AK57: =IF(LEN(H57)>8,H57&"","")
A58: ="tw_hr_employee_"&C58 -> tw_hr_employee_DXB2312001 | B58: ADI PUTRO SETIYONO | C58: DXB2312001 | D58: DXB | E58: Cabang Balikpapan | H58: 6281348499827 | I58: SALESMAN PARTNER | K58: SRI WAHYUNI | M58: 45265 | Q58: PT Tunas Dwipa Matra | W58: Indonesia | X58: setiyonoadiputro1998@gmail.com | Y58: Single | AA58: 6471051411980004 | AE58: TRUE | AF58: 7135103594 | AG58: ADI PUTRO SETIYONO | AH58: BCA | AI58: =TRIM(IFERROR(VLOOKUP(E58,Mapping!$A$1:$B$2,2,FALSE),E58)) -> Cabang Balikpapan | AJ58: =IF(LEN(G58)>8,G58&"","") | AK58: =IF(LEN(H58)>8,H58&"","") -> 6281348499827
A59: ="tw_hr_employee_"&C59 -> tw_hr_employee_DWT2405034 | B59: DINA FLORETTA TUMETEL | C59: DWT2405034 | D59: DWT | E59: Cabang Tuminting | F59: florettadina28@gmail.com | I59: SALESMAN PARTNER | K59: TIKNO BABTISO PALANTI | L59: DEVI ZULHERI | M59: 45413 | Q59: PT Tunas Dwipa Matra | R59: KATINGGOLAN | T59: 7100 | U59: KAB. MINAHASA | W59: Indonesia | X59: florettadina28@gmail.com | Y59: Married | AA59: 7102016809920001 | AC59: Female | AD59: 33875 | AE59: TRUE | AF59: 023701069595504 | AG59: DINA FLORETTA TUMETEL | AH59: BRI | AI59: =TRIM(IFERROR(VLOOKUP(E59,Mapping!$A$1:$B$2,2,FALSE),E59)) -> Cabang Tuminting | AJ59: =IF(LEN(G59)>8,G59&"","") | AK59: =IF(LEN(H59)>8,H59&"","")
A60: ="tw_hr_employee_"&C60 -> tw_hr_employee_DLO2407067 | B60: RIZKY RAMADHANI | C60: DLO2407067 | D60: DLO | E60: Cabang Kota Gajah | F60: ramadhanirizky076@gmail.com | I60: SALESMAN PARTNER | K60: NAPOLEON | M60: 45482 | Q60: PT Tunas Dwipa Matra | R60: DUSUN KAUMAN | T60: 1800 | U60: KAB. LAMPUNG TENGAH | V60: 34153 | W60: Indonesia | X60: ramadhanirizky076@gmail.com | Y60: Single | AA60: 1802231610050002 | AE60: TRUE | AF60: 570001044644538 | AG60: RIZKY RAMADHANI | AH60: BRI | AI60: =TRIM(IFERROR(VLOOKUP(E60,Mapping!$A$1:$B$2,2,FALSE),E60)) -> Cabang Kota Gajah | AJ60: =IF(LEN(G60)>8,G60&"","") | AK60: =IF(LEN(H60)>8,H60&"","")
A61: ="tw_hr_employee_"&C61 -> tw_hr_employee_DWG2202001 | B61: NUR ALNI | C61: DWG2202001 | D61: DWG | E61: Cabang Pangkep | G61: 6281240646100 | I61: SALES COUNTER PARTNER | K61: NOVERYANDI | L61: NOVERYANDI | M61: 44601 | Q61: PT Tunas Dwipa Matra | W61: Indonesia | X61: alnyoctaviany474@gmail.com | Y61: Single | AA61: 7310065108980002 | AE61: TRUE | AF61: 022301013598539 | AG61: NUR ALNI | AH61: BRI | AI61: =TRIM(IFERROR(VLOOKUP(E61,Mapping!$A$1:$B$2,2,FALSE),E61)) -> Cabang Pangkep | AJ61: =IF(LEN(G61)>8,G61&"","") -> 6281240646100 | AK61: =IF(LEN(H61)>8,H61&"","")
A62: ="tw_hr_employee_"&C62 -> tw_hr_employee_DLL2509001 | B62: Budi Hermawan | C62: DLL2509001 | D62: DLL | E62: Cabang Kemiling | F62: budihermawan0391@gmail.com | I62: SALESMAN PARTNER | K62: UBAIDILLAH | M62: 45902 | Q62: PT Tunas Dwipa Matra | W62: Indonesia | X62: budihermawan0391@gmail.com | Y62: Single | AA62: 1871080508910003 | AE62: TRUE | AF62: 4300440628 | AG62: Budi Hermawan | AH62: BCA | AI62: =TRIM(IFERROR(VLOOKUP(E62,Mapping!$A$1:$B$2,2,FALSE),E62)) -> Cabang Kemiling | AJ62: =IF(LEN(G62)>8,G62&"","") | AK62: =IF(LEN(H62)>8,H62&"","")
A63: ="tw_hr_employee_"&C63 -> tw_hr_employee_BIMK19002 | B63: MEI DITA DAMAYANTI | C63: BIMK19002 | D63: DXB | E63: Cabang Balikpapan | H63: 6281556679242 | I63: SALES COUNTER PARTNER | K63: KHAFID ALFANDIANTA | M63: 43770 | O63: 831420047622000 | Q63: PT Tunas Dwipa Matra | W63: Indonesia | X63: damayantimeidita@gmail.com | Y63: Single | AA63: 3519144905920001 | AE63: TRUE | AF63: 0331980306 | AG63: MEI DITA DAMAYANTI | AH63: BCA | AI63: =TRIM(IFERROR(VLOOKUP(E63,Mapping!$A$1:$B$2,2,FALSE),E63)) -> Cabang Balikpapan | AJ63: =IF(LEN(G63)>8,G63&"","") | AK63: =IF(LEN(H63)>8,H63&"","") -> 6281556679242
A64: ="tw_hr_employee_"&C64 -> tw_hr_employee_DLJ2410002 | B64: NUR KHOLID | C64: DLJ2410002 | D64: DLJ | E64: Cabang Way Jepara | F64: Nurkholid85@gmal.com | G64: 6285788732578 | I64: SALESMAN PARTNER | K64: ANTONI ANDRIAN SAPUTRA | L64: ANTONI ANDRIAN SAPUTRA | M64: 45566 | Q64: PT Tunas Dwipa Matra | R64: DUSUN SIDO MAKMUR | S64: DUSUN SIDO MAKMUR | T64: 1800 | U64: KAB. LAMPUNG TIMUR | V64: 34882 | W64: Indonesia | X64: Nurkholid85@gmal.com | Y64: Single | AA64: 1807120307850003 | AE64: TRUE | AF64: 107201033236509 | AG64: NUR KHOLID | AH64: BRI | AI64: =TRIM(IFERROR(VLOOKUP(E64,Mapping!$A$1:$B$2,2,FALSE),E64)) -> Cabang Way Jepara | AJ64: =IF(LEN(G64)>8,G64&"","") -> 6285788732578 | AK64: =IF(LEN(H64)>8,H64&"","")
A65: ="tw_hr_employee_"&C65 -> tw_hr_employee_DXG2509001 | B65: MUHAMMAD FAJAR NOR RIZQI | C65: DXG2509001 | D65: DXG | E65: Cabang Tanah Grogot | F65: fajargrogot03@gmail.com | I65: SALESMAN PARTNER | K65: JOSUA ARITONANG | M65: 45895 | Q65: PT Tunas Dwipa Matra | R65: JONE | T65: 6400 | U65: KAB. PASER | V65: 76251 | W65: Indonesia | X65: fajargrogot03@gmail.com | Y65: Single | Z65: Indonesia | AA65: 6401041503070009 | AC65: Male | AD65: 39156 | AE65: TRUE | AF65: 723101024991538 | AG65: MUHAMMAD FAJAR NOR RIZQI | AH65: BRI | AI65: =TRIM(IFERROR(VLOOKUP(E65,Mapping!$A$1:$B$2,2,FALSE),E65)) -> Cabang Tanah Grogot | AJ65: =IF(LEN(G65)>8,G65&"","") | AK65: =IF(LEN(H65)>8,H65&"","")
A66: ="tw_hr_employee_"&C66 -> tw_hr_employee_DWO2511265 | B66: ARDYANTO | C66: DWO2511265 | D66: DWO | E66: Cabang Palopo | F66: ardiyantoardian4@gmail.com | G66: 6285157644390 | I66: SALESMAN PARTNER | K66: EDY KADIR | L66: I KETUT SUDANA | M66: 45973 | Q66: PT Tunas Dwipa Matra | R66: DSN NANNA | T66: 7300 | U66: KAB. LUWU UTARA | V66: 92917 | W66: Indonesia | X66: ardiyantoardian4@gmail.com | Y66: Single | AA66: 7322100708050002 | AC66: Male | AD66: 38571 | AE66: TRUE | AF66: 499301007823501 | AG66: ARDYANTO | AH66: BRI | AI66: =TRIM(IFERROR(VLOOKUP(E66,Mapping!$A$1:$B$2,2,FALSE),E66)) -> Cabang Palopo | AJ66: =IF(LEN(G66)>8,G66&"","") -> 6285157644390 | AK66: =IF(LEN(H66)>8,H66&"","")
A67: ="tw_hr_employee_"&C67 -> tw_hr_employee_DDD2308001 | B67: AMANDA RAMADANI | C67: DDD2308001 | D67: DDA | E67: Cabang Caman | H67: 62895330332933 | I67: SALES COUNTER PARTNER | K67: ANFAUZI | L67: ANFAUZI | M67: 45667 | Q67: PT Tunas Dwipa Matra | R67: PONDOK UNGU PERMAI SEKTOR V BLOK R.12 NO. 20 | T67: 3200 | U67: KAB. BEKASI | V67: 17610 | W67: Indonesia | X67: amandaramadhani133@gmail.com | Y67: Single | AA67: 3203105311020014 | AC67: Female | AD67: 37573 | AE67: TRUE | AF67: 1672781161 | AG67: AMANDA RAMADANI | AH67: BCA | AI67: =TRIM(IFERROR(VLOOKUP(E67,Mapping!$A$1:$B$2,2,FALSE),E67)) -> Cabang Caman | AJ67: =IF(LEN(G67)>8,G67&"","") | AK67: =IF(LEN(H67)>8,H67&"","") -> 62895330332933
A68: ="tw_hr_employee_"&C68 -> tw_hr_employee_DLH2503001 | B68: BUDI SUSANTO | C68: DLH2503001 | D68: DLH | E68: Cabang Seputih Mataram | F68: budisusant263@gmail.com | I68: SALESMAN PARTNER | K68: NOVIAN HADI SAPUTRA | L68: HARTONO | M68: 45717 | Q68: PT Tunas Dwipa Matra | R68: SUMBER AGUNG | T68: 1800 | U68: KAB. LAMPUNG TENGAH | V68: 34164 | W68: Indonesia | X68: budisusant263@gmail.com | Y68: Single | AA68: 1802111102950001 | AC68: Male | AE68: TRUE | AF68: 560001027957538 | AG68: BUDI SUSANTO | AH68: BRI | AI68: =TRIM(IFERROR(VLOOKUP(E68,Mapping!$A$1:$B$2,2,FALSE),E68)) -> Cabang Seputih Mataram | AJ68: =IF(LEN(G68)>8,G68&"","") | AK68: =IF(LEN(H68)>8,H68&"","")
A69: ="tw_hr_employee_"&C69 -> tw_hr_employee_DDA2312034 | B69: SAFRUDIN | C69: DDA2312034 | D69: DDA | E69: Cabang Caman | I69: SALESMAN PARTNER | K69: AHMAD RIFAI | L69: ANFAUZI | M69: 45264 | O69: 789167020006000 | Q69: PT Tunas Dwipa Matra | R69: PULO GEBANG | T69: 3100 | U69: KOTA JAKARTA TIMUR | V69: 13950 | W69: Indonesia | X69: safrudin.jabrik77@gmail.com | Y69: Married | AA69: 3175061805770005 | AC69: Male | AD69: 28382 | AE69: TRUE | AF69: 6241645824 | AG69: SAFRUDIN | AH69: BCA | AI69: =TRIM(IFERROR(VLOOKUP(E69,Mapping!$A$1:$B$2,2,FALSE),E69)) -> Cabang Caman | AJ69: =IF(LEN(G69)>8,G69&"","") | AK69: =IF(LEN(H69)>8,H69&"","")
A70: ="tw_hr_employee_"&C70 -> tw_hr_employee_DDU2509001 | B70: ENJANG SUMARNA | C70: DDU2509001 | D70: DDU | E70: Cabang Sukabumi | F70: aseudecoration@gmail.com | I70: SALESMAN PARTNER | K70: RESSA RESTIKANIA | M70: 45902 | Q70: PT Tunas Dwipa Matra | R70: JL.BHAYANGKARA GG RAWASALAK | T70: 3200 | U70: KOTA SUKABUMI | V70: 43121 | W70: Indonesia | X70: aseudecoration@gmail.com | Y70: Single | AA70: 3272011412740001 | AD70: 27377 | AE70: TRUE | AF70: 0382227245 | AG70: ENJANG SUMARNA | AH70: BCA | AI70: =TRIM(IFERROR(VLOOKUP(E70,Mapping!$A$1:$B$2,2,FALSE),E70)) -> Cabang Sukabumi | AJ70: =IF(LEN(G70)>8,G70&"","") | AK70: =IF(LEN(H70)>8,H70&"","")
A71: ="tw_hr_employee_"&C71 -> tw_hr_employee_DDI2006002 | B71: NURMA | C71: DDI2006002 | D71: DDI | E71: Cabang Bima | H71: 6285337266958 | I71: SALESMAN PARTNER | K71: SYARIF RAHMAT | M71: 43986 | Q71: PT Tunas Dwipa Matra | R71: LINGK KARARA | S71: LINGK KARARA | T71: 5200 | U71: KOTA BIMA | V71: 84111 | W71: Indonesia | X71: nurma110682@gmail.com | Y71: Married | Z71: Indonesia | AA71: 5272055106820001 | AC71: Female | AD71: 30261 | AE71: TRUE | AF71: 007901059506501 | AG71: NURMA | AH71: BRI | AI71: =TRIM(IFERROR(VLOOKUP(E71,Mapping!$A$1:$B$2,2,FALSE),E71)) -> Cabang Bima | AJ71: =IF(LEN(G71)>8,G71&"","") | AK71: =IF(LEN(H71)>8,H71&"","") -> 6285337266958
A72: ="tw_hr_employee_"&C72 -> tw_hr_employee_DBL2412001 | B72: Fitri Ulandari | C72: DBL2412001 | D72: DBL | E72: Cabang Belitung | F72: FITRIWULANDARI1919@GMAIL.COM | I72: SALES COUNTER PARTNER | K72: YUSEP SUSENO | M72: 45627 | Q72: PT Tunas Dwipa Matra | R72: Jl. Lettu Mad Daud | T72: 1900 | U72: KAB. BELITUNG | V72: 33411 | W72: Indonesia | X72: FITRIWULANDARI1919@GMAIL.COM | Y72: Single | AA72: 1902015203940004 | AE72: TRUE | AF72: 8895547171 | AG72: Fitri Ulandari | AH72: BCA | AI72: =TRIM(IFERROR(VLOOKUP(E72,Mapping!$A$1:$B$2,2,FALSE),E72)) -> Cabang Belitung | AJ72: =IF(LEN(G72)>8,G72&"","") | AK72: =IF(LEN(H72)>8,H72&"","")
A73: ="tw_hr_employee_"&C73 -> tw_hr_employee_DJB2409001 | B73: KARMIYATUN | C73: DJB2409001 | D73: DJB | E73: Cabang Bangko | F73: karmiyatunkarmiyatun542@gmail.com | G73: 6282289542303 | H73: 6282289542303 | I73: SALESMAN PARTNER | K73: BUDI SANTOSO | L73: VICTOR PRATAMA | M73: 45541 | Q73: PT Tunas Dwipa Matra | W73: Indonesia | X73: karmiyatunsiswadi58@gmail.com | Y73: Single | AA73: 1210074802880002 | AE73: TRUE | AF73: 6197045843 | AG73: KARMIYATUN | AH73: BCA | AI73: =TRIM(IFERROR(VLOOKUP(E73,Mapping!$A$1:$B$2,2,FALSE),E73)) -> Cabang Bangko | AJ73: =IF(LEN(G73)>8,G73&"","") -> 6282289542303 | AK73: =IF(LEN(H73)>8,H73&"","") -> 6282289542303
A74: ="tw_hr_employee_"&C74 -> tw_hr_employee_DLU2405034 | B74: ANGGI WIDODO | C74: DLU2405034 | D74: DLU | E74: Cabang Kota Bumi | F74: ANGGIWIDODO403@GMAIL.COM | I74: SALESMAN PARTNER | K74: UCI ERLIN | M74: 45425 | Q74: PT Tunas Dwipa Matra | W74: Indonesia | X74: ANGGIWIDODO403@GMAIL.COM | Y74: Single | AA74: 1803012904030002 | AE74: TRUE | AF74: 565201052576538 | AG74: ANGGI WIDODO | AH74: BRI | AI74: =TRIM(IFERROR(VLOOKUP(E74,Mapping!$A$1:$B$2,2,FALSE),E74)) -> Cabang Kota Bumi | AJ74: =IF(LEN(G74)>8,G74&"","") | AK74: =IF(LEN(H74)>8,H74&"","")
A75: ="tw_hr_employee_"&C75 -> tw_hr_employee_DLJ2509001 | B75: NIKE WEILIANISA | C75: DLJ2509001 | D75: DLJ | E75: Cabang Way Jepara | F75: nike17047@gmail.com | I75: SALESMAN PARTNER | K75: DEDI KRISTIAWAN | L75: DEDI KRISTIAWAN | M75: 45902 | Q75: PT Tunas Dwipa Matra | R75: DUSUN VII | S75: DUSUN VII | T75: 1800 | U75: KAB. LAMPUNG TIMUR | V75: 34389 | W75: Indonesia | X75: nike17047@gmail.com | Y75: Single | AA75: 1807154906060004 | AC75: Female | AD75: 38847 | AE75: TRUE | AF75: 339401073824534 | AG75: NIKE WEILIANISA | AH75: BRI | AI75: =TRIM(IFERROR(VLOOKUP(E75,Mapping!$A$1:$B$2,2,FALSE),E75)) -> Cabang Way Jepara | AJ75: =IF(LEN(G75)>8,G75&"","") | AK75: =IF(LEN(H75)>8,H75&"","")
A76: ="tw_hr_employee_"&C76 -> tw_hr_employee_DLJ2509002 | B76: HENGKY ARDIANSYAH | C76: DLJ2509002 | D76: DLJ | E76: Cabang Way Jepara | F76: hengkyardiansyah067@gmail.com | I76: SALESMAN PARTNER | K76: HERU KRISJIWANTO | M76: 45895 | Q76: PT Tunas Dwipa Matra | R76: BRAJA KENCANA | S76: BRAJA KENCANA | T76: 1800 | U76: KAB. LAMPUNG TIMUR | V76: 34196 | W76: Indonesia | X76: hengkyardiansyah067@gmail.com | Y76: Single | AA76: 1807222510060001 | AC76: Male | AD76: 39015 | AE76: TRUE | AF76: 339401071451539 | AG76: HENGKY ARDIANSYAH | AH76: BRI | AI76: =TRIM(IFERROR(VLOOKUP(E76,Mapping!$A$1:$B$2,2,FALSE),E76)) -> Cabang Way Jepara | AJ76: =IF(LEN(G76)>8,G76&"","") | AK76: =IF(LEN(H76)>8,H76&"","")
A77: ="tw_hr_employee_"&C77 -> tw_hr_employee_DXG2302001 | B77: BARAT LAKON MANANGISI | C77: DXG2302001 | D77: DXG | E77: Cabang Tanah Grogot | I77: SALESMAN PARTNER | K77: JOSUA ARITONANG | M77: 44960 | Q77: PT Tunas Dwipa Matra | R77: LABURAN BARU | T77: 6400 | U77: KAB. PASER | V77: 6401030 | W77: Indonesia | X77: barathonda8@gmail.com | Y77: Married | AA77: 6401032105010002 | AC77: Male | AD77: 37032 | AE77: TRUE | AF77: 021401106749503 | AG77: BARAT LAKON MANANGISI | AH77: BRI | AI77: =TRIM(IFERROR(VLOOKUP(E77,Mapping!$A$1:$B$2,2,FALSE),E77)) -> Cabang Tanah Grogot | AJ77: =IF(LEN(G77)>8,G77&"","") | AK77: =IF(LEN(H77)>8,H77&"","")
A78: ="tw_hr_employee_"&C78 -> tw_hr_employee_DXB2105001 | B78: NUR AFIA ARIYANTI | C78: DXB2105001 | D78: DXB | E78: Cabang Balikpapan | H78: 6282350790557 | I78: SALES COUNTER PARTNER | K78: ADITYA ROSMAWAN | M78: 44343 | Q78: PT Tunas Dwipa Matra | W78: Indonesia | X78: nurafiahariyanti@gmail.com | Y78: Single | AA78: 6471016103960002 | AE78: TRUE | AF78: 726001009339536 | AG78: NUR AFIA ARIYANTI | AH78: BRI | AI78: =TRIM(IFERROR(VLOOKUP(E78,Mapping!$A$1:$B$2,2,FALSE),E78)) -> Cabang Balikpapan | AJ78: =IF(LEN(G78)>8,G78&"","") | AK78: =IF(LEN(H78)>8,H78&"","") -> 6282350790557
A79: ="tw_hr_employee_"&C79 -> tw_hr_employee_DLU2208067 | B79: SELI KUSUMAWATI | C79: DLU2208067 | D79: DLU | E79: Cabang Kota Bumi | I79: SALESMAN PARTNER | K79: ARIF WAHYUDI | M79: 44776 | Q79: PT Tunas Dwipa Matra | W79: Indonesia | X79: seliktb52@gmail.com | Y79: Single | AA79: 1803027006970002 | AE79: TRUE | AF79: 8110768843 | AG79: SELI KUSUMAWATI | AH79: BCA | AI79: =TRIM(IFERROR(VLOOKUP(E79,Mapping!$A$1:$B$2,2,FALSE),E79)) -> Cabang Kota Bumi | AJ79: =IF(LEN(G79)>8,G79&"","") | AK79: =IF(LEN(H79)>8,H79&"","")
A80: ="tw_hr_employee_"&C80 -> tw_hr_employee_DXS2112034 | B80: HARIYATI | C80: DXS2112034 | D80: DXS | E80: Cabang Samarinda | F80: syauqiakhmad675@gmail.com | G80: 6281350542854 | I80: SALESMAN PARTNER | K80: EDDY WIYATNO | M80: 44547 | Q80: PT Tunas Dwipa Matra | W80: Indonesia | X80: syauqiakhmad675@gmail.com | Y80: Single | AA80: 6472024101790003 | AE80: TRUE | AF80: 8615280484 | AG80: HARIYATI | AH80: BCA | AI80: =TRIM(IFERROR(VLOOKUP(E80,Mapping!$A$1:$B$2,2,FALSE),E80)) -> Cabang Samarinda | AJ80: =IF(LEN(G80)>8,G80&"","") -> 6281350542854 | AK80: =IF(LEN(H80)>8,H80&"","")
A81: ="tw_hr_employee_"&C81 -> tw_hr_employee_DSR1703005 | B81: DAVIT RIONAL | C81: DSR1703005 | D81: DSR | E81: Cabang Riau | G81: 62812778273318 | I81: SALESMAN PARTNER | K81: GABE RINTO SITUMORANG | L81: GABE RINTO SITUMORANG | M81: 42798 | Q81: PT Tunas Dwipa Matra | R81: JL.INDRAPURI NO 21 | T81: 1400 | U81: KOTA PEKANBARU | W81: Indonesia | X81: davitrional822@gmail.com | Y81: Single | AA81: 1471102503820001 | AC81: Male | AD81: 42798 | AE81: TRUE | AF81: 808901001975535 | AG81: DAVIT RIONAL | AH81: BRI | AI81: =TRIM(IFERROR(VLOOKUP(E81,Mapping!$A$1:$B$2,2,FALSE),E81)) -> Cabang Riau | AJ81: =IF(LEN(G81)>8,G81&"","") -> 62812778273318 | AK81: =IF(LEN(H81)>8,H81&"","")
A82: ="tw_hr_employee_"&C82 -> tw_hr_employee_DDC2008001 | B82: DELIA NOVIANTI | C82: DDC2008001 | D82: DDC | E82: Cabang Cimareme | G82: 6289630015000 | I82: SALESMAN PARTNER | K82: AGUS WAHYU | M82: 44053 | Q82: PT Tunas Dwipa Matra | R82: CIJEUNGJING | T82: 3200 | U82: KAB. BANDUNG BARAT | V82: 40553 | W82: Indonesia | X82: delianovianti70@gmail.com | Y82: Single | AA82: 3217086611980005 | AC82: Female | AE82: TRUE | AF82: 5140216153 | AG82: DELIA NOVIANTI | AH82: BCA | AI82: =TRIM(IFERROR(VLOOKUP(E82,Mapping!$A$1:$B$2,2,FALSE),E82)) -> Cabang Cimareme | AJ82: =IF(LEN(G82)>8,G82&"","") -> 6289630015000 | AK82: =IF(LEN(H82)>8,H82&"","")
A83: ="tw_hr_employee_"&C83 -> tw_hr_employee_HJMK19001 | B83: SHELLY RAMADANY | C83: HJMK19001 | D83: DLE | E83: Cabang Way Sekampung | I83: SALES COUNTER PARTNER | K83: EKA JAYA | M83: 42380 | Q83: PT Tunas Dwipa Matra | R83: JL SULTAN SYAHRIR | S83: JL SULTAN SYAHRIR | T83: 1800 | U83: KOTA METRO | V83: 34112 | W83: Indonesia | X83: shellyrama09@gmail.com | Y83: Single | Z83: Indonesia | AA83: 1872014902950002 | AC83: Female | AD83: 34739 | AF83: 339801032595534 | AG83: SHELLY RAMADANY | AH83: BRI | AI83: =TRIM(IFERROR(VLOOKUP(E83,Mapping!$A$1:$B$2,2,FALSE),E83)) -> Cabang Way Sekampung | AJ83: =IF(LEN(G83)>8,G83&"","") | AK83: =IF(LEN(H83)>8,H83&"","")
A84: ="tw_hr_employee_"&C84 -> tw_hr_employee_DLB2312034 | B84: IKMAL HADI KUSUMO | C84: DLB2312034 | D84: DLB | E84: Cabang Bakauheni | I84: SALESMAN PARTNER | M84: 45265 | Q84: PT Tunas Dwipa Matra | R84: BUMI AYU | S84: BUMI AYU | T84: 1800 | U84: KAB. LAMPUNG TIMUR | V84: 34194 | W84: Indonesia | X84: ikmalhadik@gmail.com | Y84: Single | AA84: 1807011312010003 | AC84: Male | AE84: TRUE | AF84: 571201040283535 | AG84: IKMAL HADI KUSUMO | AH84: BRI | AI84: =TRIM(IFERROR(VLOOKUP(E84,Mapping!$A$1:$B$2,2,FALSE),E84)) -> Cabang Bakauheni | AJ84: =IF(LEN(G84)>8,G84&"","") | AK84: =IF(LEN(H84)>8,H84&"","")
A85: ="tw_hr_employee_"&C85 -> tw_hr_employee_DLF2401001 | B85: AGUS SETIAWAN | C85: DLF2401001 | D85: DLF | E85: Cabang Trimurjo | I85: SALESMAN PARTNER | K85: HENDRA IRAWAN | M85: 45294 | Q85: PT Tunas Dwipa Matra | R85: lk ii | T85: 1800 | U85: KAB. LAMPUNG TENGAH | V85: 34172 | W85: Indonesia | X85: agus20963@gmail.com | Y85: Single | AA85: 1802051508980001 | AC85: Male | AD85: 36022 | AE85: TRUE | AF85: 1171176889 | AG85: AGUS SETIAWAN | AH85: BCA | AI85: =TRIM(IFERROR(VLOOKUP(E85,Mapping!$A$1:$B$2,2,FALSE),E85)) -> Cabang Trimurjo | AJ85: =IF(LEN(G85)>8,G85&"","") | AK85: =IF(LEN(H85)>8,H85&"","")
A86: ="tw_hr_employee_"&C86 -> tw_hr_employee_DLX2509001 | B86: NIA ANGGARAINI | C86: DLX2509001 | D86: DLX | E86: Cabang Kalianda | I86: SALESMAN PARTNER | K86: FADLY | M86: 45895 | Q86: PT Tunas Dwipa Matra | W86: Indonesia | X86: niaanggaraini23@gmail.com | Y86: Single | AA86: 1801066311900003 | AE86: TRUE | AF86: 580201029725533 | AG86: NIA ANGGARAINI | AH86: BRI | AI86: =TRIM(IFERROR(VLOOKUP(E86,Mapping!$A$1:$B$2,2,FALSE),E86)) -> Cabang Kalianda | AJ86: =IF(LEN(G86)>8,G86&"","") | AK86: =IF(LEN(H86)>8,H86&"","")
A87: ="tw_hr_employee_"&C87 -> tw_hr_employee_DLT2307034 | B87: RIRIN TRI WAHYUNI | C87: DLT2307034 | D87: DLT | E87: Cabang Tulang Bawang | G87: 6285269723636 | H87: 6285269723636 | I87: SALESMAN PARTNER | K87: A HASAN EFENDI | L87: WAHYUDI | M87: 45121 | Q87: PT Tunas Dwipa Matra | R87: JALAN LINTAS RAWA JITU | S87: SIDOMULYO | T87: 1800 | U87: KAB. TULANG BAWANG | V87: 34595 | W87: Indonesia | X87: RIRIN567@GMAIL.COM | Y87: Married | Z87: Indonesia | AA87: 1805134206920003 | AC87: Female | AD87: 33757 | AE87: TRUE | AF87: 770701024583534 | AG87: RIRIN TRI WAHYUNI | AH87: BRI | AI87: =TRIM(IFERROR(VLOOKUP(E87,Mapping!$A$1:$B$2,2,FALSE),E87)) -> Cabang Tulang Bawang | AJ87: =IF(LEN(G87)>8,G87&"","") -> 6285269723636 | AK87: =IF(LEN(H87)>8,H87&"","") -> 6285269723636
A88: ="tw_hr_employee_"&C88 -> tw_hr_employee_NKMK18001 | B88: VECENSIA FERA | C88: NKMK18001 | D88: DLX | E88: Cabang Kalianda | H88: 6285267460458 | I88: SALES COUNTER PARTNER | K88: TENGKU ARDIANSYAH | L88: TENGKU ARDIANSYAH | M88: 43339 | Q88: PT Tunas Dwipa Matra | W88: Indonesia | X88: vencensia19@gmail.com | Y88: Single | AA88: 1801066711910008 | AE88: TRUE | AF88: 581001004686505 | AG88: VECENSIA FERA | AH88: BRI | AI88: =TRIM(IFERROR(VLOOKUP(E88,Mapping!$A$1:$B$2,2,FALSE),E88)) -> Cabang Kalianda | AJ88: =IF(LEN(G88)>8,G88&"","") | AK88: =IF(LEN(H88)>8,H88&"","") -> 6285267460458
A89: ="tw_hr_employee_"&C89 -> tw_hr_employee_DWO2508233 | B89: NURMAN M | C89: DWO2508233 | D89: DWO | E89: Cabang Palopo | F89: nurmannr412@gmail.com | G89: 6282192070022 | I89: SALESMAN PARTNER | K89: MUH ASRI | L89: I KETUT SUDANA | M89: 45890 | Q89: PT Tunas Dwipa Matra | R89: DUSUN BUNTU AMPANG | T89: 7300 | U89: KAB. ENREKANG | V89: 91754 | W89: Indonesia | X89: nurmannr412@gmail.com | Y89: Single | AA89: 7316121003980001 | AC89: Male | AD89: 35864 | AE89: TRUE | AF89: 7933088628 | AG89: NURMAN M | AH89: BCA | AI89: =TRIM(IFERROR(VLOOKUP(E89,Mapping!$A$1:$B$2,2,FALSE),E89)) -> Cabang Palopo | AJ89: =IF(LEN(G89)>8,G89&"","") -> 6282192070022 | AK89: =IF(LEN(H89)>8,H89&"","")
A90: ="tw_hr_employee_"&C90 -> tw_hr_employee_DBR2504002 | B90: SELVIA TRI SEPTIANA | C90: DBR2504002 | D90: DBG | E90: Cabang Simpang Katis | F90: septianasilviatri@gmail.com | I90: SALES COUNTER PARTNER | K90: FREDYAL FACHRIZAL SE | L90: ANTON RAMANDA | M90: 45754 | Q90: PT Tunas Dwipa Matra | R90: JL. ARWANA RT. 007 RW. 002 | S90: JL. ARWANA | T90: 1900 | U90: KOTA PANGKAL PINANG | V90: 12345 | W90: Indonesia | X90: septianasilviatri@gmail.com | Y90: Single | Z90: Indonesia | AA90: 1971036809010003 | AC90: Female | AD90: 37162 | AE90: TRUE | AF90: 8535635567 | AG90: SELVIA TRI SEPTIANA | AH90: BCA | AI90: =TRIM(IFERROR(VLOOKUP(E90,Mapping!$A$1:$B$2,2,FALSE),E90)) -> Cabang Simpang Katis | AJ90: =IF(LEN(G90)>8,G90&"","") | AK90: =IF(LEN(H90)>8,H90&"","")
A91: ="tw_hr_employee_"&C91 -> tw_hr_employee_DXN1803002 | B91: FERI ANDIKA | C91: DXN1803002 | D91: DXN | E91: Cabang Nanga Pinoh | I91: SALESMAN PARTNER | K91: ASEP SAFRUDIN | L91: R CHERY ADIANTO SARAGIH | M91: 43173 | Q91: PT Tunas Dwipa Matra | R91: DUSUN ELLA HULU | S91: DUSUN ELLA HULU | T91: 6100 | U91: KAB. MELAWI | W91: Indonesia | X91: verryalfarizqi@gmail.com | Y91: Single | Z91: Indonesia | AA91: 6110041511980001 | AC91: Male | AD91: 36114 | AE91: TRUE | AF91: 116201007956534 | AG91: FERI ANDIKA | AH91: BRI | AI91: =TRIM(IFERROR(VLOOKUP(E91,Mapping!$A$1:$B$2,2,FALSE),E91)) -> Cabang Nanga Pinoh | AJ91: =IF(LEN(G91)>8,G91&"","") | AK91: =IF(LEN(H91)>8,H91&"","")
A92: ="tw_hr_employee_"&C92 -> tw_hr_employee_DWO2411001 | B92: RIANITA | C92: DWO2411001 | D92: DWO | E92: Cabang Palopo | F92: nitaandita77@gmail.com | I92: SALESMAN PARTNER | K92: IRFAN NAHAR | L92: I KETUT SUDANA | M92: 45600 | Q92: PT Tunas Dwipa Matra | R92: DSN SUKADAMAI | T92: 7300 | U92: KAB. LUWU UTARA | V92: 92963 | W92: Indonesia | X92: nitaandita77@gmail.com | Y92: Married | AA92: 7324045003900003 | AC92: Female | AD92: 32942 | AE92: TRUE | AF92: 499701021725537 | AG92: RIANITA | AH92: BRI | AI92: =TRIM(IFERROR(VLOOKUP(E92,Mapping!$A$1:$B$2,2,FALSE),E92)) -> Cabang Palopo | AJ92: =IF(LEN(G92)>8,G92&"","") | AK92: =IF(LEN(H92)>8,H92&"","")
A93: ="tw_hr_employee_"&C93 -> tw_hr_employee_DLW2404001 | B93: Aan Andriawan | C93: DLW2404001 | D93: DLW | E93: Cabang Way Kanan | F93: aanernacell@gmail.com | I93: TEAM LEADER PARTNER | K93: YANUARDI APRIZA | M93: 45383 | Q93: PT Tunas Dwipa Matra | W93: Indonesia | X93: aanernacell@gmail.com | Y93: Single | AA93: 1803040703880001 | AE93: TRUE | AF93: 015501121441502 | AG93: Aan Andriawan | AH93: BRI | AI93: =TRIM(IFERROR(VLOOKUP(E93,Mapping!$A$1:$B$2,2,FALSE),E93)) -> Cabang Way Kanan | AJ93: =IF(LEN(G93)>8,G93&"","") | AK93: =IF(LEN(H93)>8,H93&"","")
A94: ="tw_hr_employee_"&C94 -> tw_hr_employee_DLW2409166 | B94: MUJIANTO | C94: DLW2409166 | D94: DLW | E94: Cabang Way Kanan | F94: nananila18@gmail.com | G94: 6282183199705 | I94: SALESMAN PARTNER | K94: YANUARDI APRIZA | M94: 45553 | Q94: PT Tunas Dwipa Matra | W94: Indonesia | X94: nananila18@gmail.com | Y94: Single | AA94: 1804051012760010 | AE94: TRUE | AF94: 566301019371536 | AG94: MUJIANTO | AH94: BRI | AI94: =TRIM(IFERROR(VLOOKUP(E94,Mapping!$A$1:$B$2,2,FALSE),E94)) -> Cabang Way Kanan | AJ94: =IF(LEN(G94)>8,G94&"","") -> 6282183199705 | AK94: =IF(LEN(H94)>8,H94&"","")
A95: ="tw_hr_employee_"&C95 -> tw_hr_employee_DBP2504003 | B95: NURLAILA | C95: DBP2504003 | D95: DBP | E95: Cabang Payung | F95: nurlailahondapayung06@gmail.com | G95: 6283175765579 | H95: 6283175765579 | I95: SALES COUNTER PARTNER | K95: DAMARJATI SURYA KUSUMA | M95: 45771 | Q95: PT Tunas Dwipa Matra | R95: DESA JELUTUNG II | S95: DESA JELUTUNG II | T95: 1900 | U95: KAB. BANGKA SELATAN | V95: 33777 | W95: Indonesia | X95: nurlailahondapayung06@gmail.com | Y95: Single | Z95: Indonesia | AA95: 1903045110080001 | AC95: Female | AD95: 38970 | AE95: TRUE | AF95: 576701036285532 | AG95: NURLAILA | AH95: BRI | AI95: =TRIM(IFERROR(VLOOKUP(E95,Mapping!$A$1:$B$2,2,FALSE),E95)) -> Cabang Payung | AJ95: =IF(LEN(G95)>8,G95&"","") -> 6283175765579 | AK95: =IF(LEN(H95)>8,H95&"","") -> 6283175765579
A96: ="tw_hr_employee_"&C96 -> tw_hr_employee_DDJ1606003 | B96: KHUMAIDAH | C96: DDJ1606003 | D96: DDJ | E96: Cabang Jombang | I96: SALESMAN PARTNER | K96: ZAINUL ARIFIN | M96: 42534 | O96: 848041679602000 | Q96: PT Tunas Dwipa Matra | R96: BADANG | S96: DSN. BADANG | T96: 3500 | U96: KAB. JOMBANG | V96: 61473 | W96: Indonesia | X96: khumaidah57@gmail.com | Y96: Single | Z96: Indonesia | AA96: 3517034211840004 | AC96: Female | AD96: 30988 | AE96: TRUE | AF96: 1131281477 | AG96: KHUMAIDAH | AH96: BCA | AI96: =TRIM(IFERROR(VLOOKUP(E96,Mapping!$A$1:$B$2,2,FALSE),E96)) -> Cabang Jombang | AJ96: =IF(LEN(G96)>8,G96&"","") | AK96: =IF(LEN(H96)>8,H96&"","")
A97: ="tw_hr_employee_"&C97 -> tw_hr_employee_DMN2409001 | B97: MARIA DWI RATNA SARI | C97: DMN2409001 | D97: DMN | E97: Cabang Natar | F97: mariakiela8@gmail.com | G97: 6281379576799 | H97: 6281379576799 | I97: SALES COUNTER PARTNER | K97: MUHAMAD ARIF | L97: MUHAMAD ARIF | M97: 45541 | Q97: PT Tunas Dwipa Matra | R97: JL RADEN GUNAWAN PERUM PONDOK KEMALA BLOK C 15 DUSUN I | S97: JL RADEN GUNAWAN PERUM PONDOK KEMALA BLOK C 15 DUSUN I | T97: 1800 | U97: KAB. LAMPUNG SELATAN | V97: 35362 | W97: Indonesia | X97: mariakiela8@gmail.com | Y97: Single | AA97: 1801045803880007 | AC97: Female | AD97: 32220 | AE97: TRUE | AF97: 580001024711531 | AG97: MARIA DWI RATNA SARI | AH97: BRI | AI97: =TRIM(IFERROR(VLOOKUP(E97,Mapping!$A$1:$B$2,2,FALSE),E97)) -> Cabang Natar | AJ97: =IF(LEN(G97)>8,G97&"","") -> 6281379576799 | AK97: =IF(LEN(H97)>8,H97&"","") -> 6281379576799
A98: ="tw_hr_employee_"&C98 -> tw_hr_employee_DWP2509067 | B98: FITRIYANI | C98: DWP2509067 | D98: DWP | E98: Cabang Pinrang | F98: fitripitto266@gmail.com | I98: SALESMAN PARTNER | K98: MUH IMRAN | L98: YANTO MANUK ALLO | M98: 45901 | Q98: PT Tunas Dwipa Matra | R98: JL ANGGREK NO 4 | S98: JL ANGGREK NO 4 | T98: 7300 | U98: KAB. PINRANG | V98: 91215 | W98: Indonesia | X98: fitripitto266@gmail.com | Y98: Married | AA98: 7315114412920002 | AC98: Female | AD98: 33942 | AE98: TRUE | AF98: 502901020242538 | AG98: FITRIYANI | AH98: BRI | AI98: =TRIM(IFERROR(VLOOKUP(E98,Mapping!$A$1:$B$2,2,FALSE),E98)) -> Cabang Pinrang | AJ98: =IF(LEN(G98)>8,G98&"","") | AK98: =IF(LEN(H98)>8,H98&"","")
A99: ="tw_hr_employee_"&C99 -> tw_hr_employee_DDA2204001 | B99: MASRIPAH | C99: DDA2204001 | D99: DDA | E99: Cabang Caman | I99: SALESMAN PARTNER | K99: ABDUL ROHIM | L99: ANFAUZI | M99: 44654 | O99: 639531409407000 | Q99: PT Tunas Dwipa Matra | W99: Indonesia | X99: fatimahsiti3980@gmail.com | Y99: Single | AA99: 3275034706820017 | AE99: TRUE | AF99: 093701070602536 | AG99: MASRIPAH | AH99: BRI | AI99: =TRIM(IFERROR(VLOOKUP(E99,Mapping!$A$1:$B$2,2,FALSE),E99)) -> Cabang Caman | AJ99: =IF(LEN(G99)>8,G99&"","") | AK99: =IF(LEN(H99)>8,H99&"","")
A100: ="tw_hr_employee_"&C100 -> tw_hr_employee_PHMK18002 | B100: NOVI TRIANDI | C100: PHMK18002 | D100: DUK | E100: Cabang Kepahyang | I100: SALESMAN PARTNER | K100: RESPI MUHAMAD FADILAH | L100: MUHAMMAD IQBAL | M100: 42276 | Q100: PT Tunas Dwipa Matra | R100: DESA TALANG SALING | S100: TALANG SALING | T100: 1700 | U100: KAB. SELUMA | V100: 38876 | W100: Indonesia | X100: novitriadi123@gmail.com | Y100: Single | AA100: 1705021311840002 | AE100: TRUE | AF100: 0000000012 | AG100: NOVI TRIANDI | AH100: BCA | AI100: =TRIM(IFERROR(VLOOKUP(E100,Mapping!$A$1:$B$2,2,FALSE),E100)) -> Cabang Kepahyang | AJ100: =IF(LEN(G100)>8,G100&"","") | AK100: =IF(LEN(H100)>8,H100&"","")
...

Sheet Mapping
A1: Pramuka | B1: Cabang Pramuka
A2: LOMBOK | B2: Cabang Lombok
